{"25": {"(0.1, 0.01, 0.001, 0.0001)": {"UH3vsUH2": 0.7133333333333332, "UH4vsUH2": 0.5733333333333333, "UH4vsUH3": 0.7933333333333331, "UH5vsUH2": 0.5866666666666666, "UH5vsUH3": 0.8066666666666665, "UH5vsUH4": 0.9866666666666666}, "(0.17, 0.03, 0.002, 0.0002)": {"UH3vsUH2": 0.7799999999999999, "UH4vsUH2": 0.6266666666666666, "UH4vsUH3": 0.8466666666666665, "UH5vsUH2": 0.6333333333333332, "UH5vsUH3": 0.8399999999999999, "UH5vsUH4": 0.9933333333333332}, "(0.24000000000000002, 0.05, 0.003, 0.00030000000000000003)": {"UH3vsUH2": 0.7333333333333332, "UH4vsUH2": 0.5999999999999999, "UH4vsUH3": 0.8533333333333332, "UH5vsUH2": 0.6199999999999999, "UH5vsUH3": 0.8733333333333332, "UH5vsUH4": 0.9799999999999999}, "(0.31000000000000005, 0.06999999999999999, 0.004, 0.0004)": {"UH3vsUH2": 0.6333333333333332, "UH4vsUH2": 0.4866666666666665, "UH4vsUH3": 0.7866666666666665, "UH5vsUH2": 0.5133333333333333, "UH5vsUH3": 0.7999999999999998, "UH5vsUH4": 0.973333333333333}, "(0.38, 0.09, 0.005, 0.0005)": {"UH3vsUH2": 0.6733333333333332, "UH4vsUH2": 0.45333333333333325, "UH4vsUH3": 0.7266666666666666, "UH5vsUH2": 0.4799999999999999, "UH5vsUH3": 0.7533333333333332, "UH5vsUH4": 0.973333333333333}, "(0.45000000000000007, 0.11, 0.006, 0.0006000000000000001)": {"UH3vsUH2": 0.5666666666666667, "UH4vsUH2": 0.3266666666666666, "UH4vsUH3": 0.7066666666666666, "UH5vsUH2": 0.34666666666666657, "UH5vsUH3": 0.7266666666666666, "UH5vsUH4": 0.9799999999999999}, "(0.52, 0.13, 0.007, 0.0007000000000000001)": {"UH3vsUH2": 0.6133333333333332, "UH4vsUH2": 0.41999999999999993, "UH4vsUH3": 0.7799999999999999, "UH5vsUH2": 0.4599999999999999, "UH5vsUH3": 0.7933333333333331, "UH5vsUH4": 0.9599999999999999}, "(0.5900000000000001, 0.15000000000000002, 0.008, 0.0008)": {"UH3vsUH2": 0.5466666666666665, "UH4vsUH2": 0.43333333333333324, "UH4vsUH3": 0.8333333333333331, "UH5vsUH2": 0.45333333333333325, "UH5vsUH3": 0.8533333333333332, "UH5vsUH4": 0.9799999999999999}, "(0.66, 0.17, 0.009000000000000001, 0.0009000000000000001)": {"UH3vsUH2": 0.7066666666666666, "UH4vsUH2": 0.5933333333333333, "UH4vsUH3": 0.8599999999999999, "UH5vsUH2": 0.6333333333333332, "UH5vsUH3": 0.8866666666666665, "UH5vsUH4": 0.9599999999999999}, "(0.7300000000000001, 0.19, 0.010000000000000002, 0.001)": {"UH3vsUH2": 0.5399999999999999, "UH4vsUH2": 0.39333333333333326, "UH4vsUH3": 0.7333333333333332, "UH5vsUH2": 0.43333333333333324, "UH5vsUH3": 0.7733333333333332, "UH5vsUH4": 0.9599999999999999}}, "50": {"(0.1, 0.01, 0.001, 0.0001)": {"UH3vsUH2": 0.7844897959183673, "UH4vsUH2": 0.6636734693877551, "UH4vsUH3": 0.8628571428571429, "UH5vsUH2": 0.6636734693877551, "UH5vsUH3": 0.8628571428571429, "UH5vsUH4": 0.9934693877551021}, "(0.17, 0.03, 0.002, 0.0002)": {"UH3vsUH2": 0.8351020408163266, "UH4vsUH2": 0.7306122448979592, "UH4vsUH3": 0.8628571428571429, "UH5vsUH2": 0.7420408163265306, "UH5vsUH3": 0.8677551020408163, "UH5vsUH4": 0.9853061224489796}, "(0.24000000000000002, 0.05, 0.003, 0.00030000000000000003)": {"UH3vsUH2": 0.8269387755102041, "UH4vsUH2": 0.7159183673469388, "UH4vsUH3": 0.8693877551020408, "UH5vsUH2": 0.7338775510204082, "UH5vsUH3": 0.8840816326530613, "UH5vsUH4": 0.9787755102040817}, "(0.31000000000000005, 0.06999999999999999, 0.004, 0.0004)": {"UH3vsUH2": 0.8122448979591836, "UH4vsUH2": 0.6914285714285714, "UH4vsUH3": 0.8628571428571429, "UH5vsUH2": 0.7044897959183674, "UH5vsUH3": 0.8759183673469388, "UH5vsUH4": 0.9869387755102041}, "(0.38, 0.09, 0.005, 0.0005)": {"UH3vsUH2": 0.7942857142857143, "UH4vsUH2": 0.6604081632653062, "UH4vsUH3": 0.856326530612245, "UH5vsUH2": 0.6751020408163265, "UH5vsUH3": 0.8677551020408163, "UH5vsUH4": 0.9820408163265307}, "(0.45000000000000007, 0.11, 0.006, 0.0006000000000000001)": {"UH3vsUH2": 0.7861224489795919, "UH4vsUH2": 0.6342857142857142, "UH4vsUH3": 0.8253061224489796, "UH5vsUH2": 0.6506122448979592, "UH5vsUH3": 0.8383673469387755, "UH5vsUH4": 0.9836734693877551}, "(0.52, 0.13, 0.007, 0.0007000000000000001)": {"UH3vsUH2": 0.7730612244897959, "UH4vsUH2": 0.6424489795918367, "UH4vsUH3": 0.8595918367346939, "UH5vsUH2": 0.6555102040816326, "UH5vsUH3": 0.8693877551020408, "UH5vsUH4": 0.9869387755102041}, "(0.5900000000000001, 0.15000000000000002, 0.008, 0.0008)": {"UH3vsUH2": 0.7436734693877551, "UH4vsUH2": 0.6016326530612245, "UH4vsUH3": 0.8351020408163266, "UH5vsUH2": 0.6195918367346939, "UH5vsUH3": 0.846530612244898, "UH5vsUH4": 0.9820408163265307}, "(0.66, 0.17, 0.009000000000000001, 0.0009000000000000001)": {"UH3vsUH2": 0.76, "UH4vsUH2": 0.6065306122448979, "UH4vsUH3": 0.8204081632653062, "UH5vsUH2": 0.6228571428571429, "UH5vsUH3": 0.830204081632653, "UH5vsUH4": 0.9836734693877551}, "(0.7300000000000001, 0.19, 0.010000000000000002, 0.001)": {"UH3vsUH2": 0.7420408163265306, "UH4vsUH2": 0.6424489795918367, "UH4vsUH3": 0.8710204081632652, "UH5vsUH2": 0.6571428571428571, "UH5vsUH3": 0.8759183673469388, "UH5vsUH4": 0.9853061224489796}}, "75": {"(0.1, 0.01, 0.001, 0.0001)": {"UH3vsUH2": 0.8933333333333334, "UH4vsUH2": 0.82990990990991, "UH4vsUH3": 0.9207207207207208, "UH5vsUH2": 0.8313513513513514, "UH5vsUH3": 0.9135135135135136, "UH5vsUH4": 0.98990990990991}, "(0.17, 0.03, 0.002, 0.0002)": {"UH3vsUH2": 0.8681081081081081, "UH4vsUH2": 0.757837837837838, "UH4vsUH3": 0.886846846846847, "UH5vsUH2": 0.7607207207207208, "UH5vsUH3": 0.886846846846847, "UH5vsUH4": 0.98990990990991}, "(0.24000000000000002, 0.05, 0.003, 0.00030000000000000003)": {"UH3vsUH2": 0.8645045045045047, "UH4vsUH2": 0.762882882882883, "UH4vsUH3": 0.8911711711711713, "UH5vsUH2": 0.762882882882883, "UH5vsUH3": 0.8882882882882883, "UH5vsUH4": 0.9942342342342343}, "(0.31000000000000005, 0.06999999999999999, 0.004, 0.0004)": {"UH3vsUH2": 0.8825225225225226, "UH4vsUH2": 0.7823423423423423, "UH4vsUH3": 0.8940540540540541, "UH5vsUH2": 0.7866666666666668, "UH5vsUH3": 0.8954954954954957, "UH5vsUH4": 0.9927927927927929}, "(0.38, 0.09, 0.005, 0.0005)": {"UH3vsUH2": 0.8616216216216217, "UH4vsUH2": 0.7672072072072073, "UH4vsUH3": 0.8897297297297299, "UH5vsUH2": 0.7700900900900902, "UH5vsUH3": 0.8911711711711713, "UH5vsUH4": 0.9913513513513516}, "(0.45000000000000007, 0.11, 0.006, 0.0006000000000000001)": {"UH3vsUH2": 0.8709909909909911, "UH4vsUH2": 0.7772972972972974, "UH4vsUH3": 0.8962162162162163, "UH5vsUH2": 0.7780180180180181, "UH5vsUH3": 0.8954954954954957, "UH5vsUH4": 0.9935135135135137}, "(0.52, 0.13, 0.007, 0.0007000000000000001)": {"UH3vsUH2": 0.8753153153153154, "UH4vsUH2": 0.785945945945946, "UH4vsUH3": 0.9063063063063064, "UH5vsUH2": 0.7902702702702703, "UH5vsUH3": 0.9091891891891892, "UH5vsUH4": 0.9927927927927929}, "(0.5900000000000001, 0.15000000000000002, 0.008, 0.0008)": {"UH3vsUH2": 0.8753153153153154, "UH4vsUH2": 0.793873873873874, "UH4vsUH3": 0.9070270270270271, "UH5vsUH2": 0.7974774774774775, "UH5vsUH3": 0.9091891891891892, "UH5vsUH4": 0.9935135135135137}, "(0.66, 0.17, 0.009000000000000001, 0.0009000000000000001)": {"UH3vsUH2": 0.8933333333333334, "UH4vsUH2": 0.7989189189189191, "UH4vsUH3": 0.9012612612612614, "UH5vsUH2": 0.8039639639639641, "UH5vsUH3": 0.9034234234234235, "UH5vsUH4": 0.9935135135135137}, "(0.7300000000000001, 0.19, 0.010000000000000002, 0.001)": {"UH3vsUH2": 0.8861261261261262, "UH4vsUH2": 0.7917117117117117, "UH4vsUH3": 0.9012612612612614, "UH5vsUH2": 0.7924324324324324, "UH5vsUH3": 0.9019819819819821, "UH5vsUH4": 0.9963963963963965}}, "100": {"(0.1, 0.01, 0.001, 0.0001)": {"UH3vsUH2": 0.8989898989898991, "UH4vsUH2": 0.8072727272727275, "UH4vsUH3": 0.9050505050505052, "UH5vsUH2": 0.8008080808080809, "UH5vsUH3": 0.8985858585858587, "UH5vsUH4": 0.9911111111111113}, "(0.17, 0.03, 0.002, 0.0002)": {"UH3vsUH2": 0.8682828282828284, "UH4vsUH2": 0.774949494949495, "UH4vsUH3": 0.9010101010101011, "UH5vsUH2": 0.7737373737373738, "UH5vsUH3": 0.8973737373737376, "UH5vsUH4": 0.993939393939394}, "(0.24000000000000002, 0.05, 0.003, 0.00030000000000000003)": {"UH3vsUH2": 0.8779797979797982, "UH4vsUH2": 0.7915151515151516, "UH4vsUH3": 0.9054545454545456, "UH5vsUH2": 0.7866666666666667,